,SETTLEMENTDATE,WIND_SHARE:REGIONAL_ENERGY_SOURCES1:SA1,SOLAR_SHARE:REGIONAL_ENERGY_SOURCES1:SA1,ROOFTOP_PV_SHARE:REGIONAL_ENERGY_SOURCES1:SA1,HYDRO_SHARE:REGIONAL_ENERGY_SOURCES1:SA1,OTHER_SHARE:REGIONAL_ENERGY_SOURCES1:SA1,BLACK_COAL_SHARE:REGIONAL_ENERGY_SOURCES1:SA1,BROWN_COAL_SHARE:REGIONAL_ENERGY_SOURCES1:SA1,GAS_SHARE:REGIONAL_ENERGY_SOURCES1:SA1,NETINTERCHANGE_IMPORT_SHARE:REGIONAL_ENERGY_SOURCES1:SA1,COAL_SHARE:REGIONAL_ENERGY_SOURCES1:SA1,COAL_GAS_OTHER_SHARE:REGIONAL_ENERGY_SOURCES1:SA1,WIND_SOLAR_ROOFTOP_PV_SHARE:REGIONAL_ENERGY_SOURCES1:SA1,WIND_SOLAR_HYDRO_ROOFTOP_PV_SHARE:REGIONAL_ENERGY_SOURCES1:SA1,CURTAILMENT_SHARE:REGIONAL_ENERGY_SOURCES1:SA1,DEMAND_AND_NONSCHEDGEN:REGIONAL_ENERGY_SOURCES1:SA1,DEMAND_AND_NONSCHEDGEN_AND_ROOFTOP_PV:REGIONAL_ENERGY_SOURCES1:SA1
0,2022-03-29 00:00:00,33.5351203324,0.0,0.0,0.0,2.66780161955,0.0,0.0,36.3709264221,30.5767343645,0.0,39.038728041700004,33.5351203324,33.5351203324,2.18884822106e-06,1394.23,1394.22998047
1,2022-03-29 00:05:00,33.272412521,0.0,0.0,0.0,1.20619550841,0.0,0.0,35.8445170469,28.881252872199997,0.0,37.0507125553,33.272412521,33.272412521,0.0,1373.59,1373.58996582
2,2022-03-29 00:10:00,32.1859169424,0.0,0.0,0.0,0.651094607672,0.0,0.0,37.051667006799995,31.0253377929,0.0,37.7027616144,32.1859169424,32.1859169424,2.2179440545799998e-06,1375.94,1375.93994141
3,2022-03-29 00:15:00,29.534902115599998,0.0,0.0,0.0,1.71560493826,0.0,0.0,36.0505124614,33.9509201304,0.0,37.7661173997,29.534902115599998,29.534902115599998,0.0,1393.6,1393.59997559
4,2022-03-29 00:20:00,28.329567972399996,0.0,0.0,0.0,2.92439362394,0.0,0.0,37.1536439941,35.5386119235,0.0,40.078037618,28.329567972399996,28.329567972399996,0.0,1378.36,1378.35998535
5,2022-03-29 00:25:00,28.2301130092,0.0,0.0,0.0,0.0443688797066,0.0,0.0,35.8173476277,35.4232289709,0.0,35.8617165074,28.2301130092,28.2301130092,-2.2245727552299997e-06,1371.84,1371.83996582
6,2022-03-29 00:30:00,27.8787758185,0.0,0.0,0.0,0.856326755231,0.0,0.0,36.1341574664,36.502676576999995,0.0,36.9904842216,27.8787758185,27.8787758185,0.0,1384.83,1384.82995605
7,2022-03-29 00:35:00,25.627762380300002,0.0,0.0,0.0,0.38780169822099997,0.0,0.0,35.8541425573,36.2221280654,0.0,36.241944255599996,25.627762380300002,25.627762380300002,0.0,1394.7,1394.69995117
8,2022-03-29 00:40:00,25.633327799,0.0,0.0,0.0,2.2091034547299997,0.0,0.0,37.8975857011,38.6727668523,0.0,40.1066891559,25.633327799,25.633327799,-2.18115124129e-06,1399.15,1399.15002441
9,2022-03-29 00:45:00,27.221331547600002,0.0,0.0,0.0,1.6624123378600002,0.0,0.0,36.8055038926,36.7730161433,0.0,38.4679162304,27.221331547600002,27.221331547600002,0.0,1375.03,1375.0300293
10,2022-03-29 00:50:00,25.593140667800004,0.0,0.0,0.0,1.53211472929,0.0,0.0,37.025850378,37.2108728409,0.0,38.5579651072,25.593140667800004,25.593140667800004,0.0,1361.43,1361.43005371
11,2022-03-29 00:55:00,24.7206699008,0.0,0.0,0.0,0.00812480673754,0.0,0.0,36.497567710700004,37.3195515454,0.0,36.5056925174,24.7206699008,24.7206699008,0.0,1356.34,1356.33996582
12,2022-03-29 01:00:00,23.3474053507,0.0,0.0,0.0,1.0357925912700001,0.0,0.0,37.1925994384,38.6351134446,0.0,38.2283920297,23.3474053507,23.3474053507,0.0,1346.34,1346.33996582
13,2022-03-29 01:05:00,23.147944158,0.0,0.0,0.0,2.81990759277,0.0,0.0,37.646333435500004,40.5996042978,0.0,40.4662410282,23.147944158,23.147944158,0.0,1342.55,1342.55004883
14,2022-03-29 01:10:00,22.5225903185,0.0,0.0,0.0,2.09938431561,0.0,0.0,33.2554747701,44.14902197520001,0.0,35.3548590857,22.5225903185,22.5225903185,0.0,1327.3,1327.30004883
15,2022-03-29 01:15:00,21.4349631712,0.0,0.0,0.0,0.915524018132,0.0,0.0,32.482091317199995,45.415939236099995,0.0,33.3976153353,21.4349631712,21.4349631712,0.0,1344.44,1344.43994141
16,2022-03-29 01:20:00,21.0866652231,0.0,0.0,0.0,0.347719158375,0.0,0.0,32.8474405713,45.023387599399996,0.0,33.195159729699995,21.0866652231,21.0866652231,0.0,1325.4,1325.40002441
17,2022-03-29 01:25:00,19.5931890454,0.0,0.0,0.0,0.789211221672,0.0,0.0,33.5189250312,45.8346919892,0.0,34.308136252800004,19.5931890454,19.5931890454,0.0,1318.87,1318.86999512
18,2022-03-29 01:30:00,18.6441891878,0.0,0.0,0.0,1.34731379339,0.0,0.0,33.3604492243,47.3184056388,0.0,34.7077630176,18.6441891878,18.6441891878,0.0,1307.06,1307.06005859
19,2022-03-29 01:35:00,18.247186072799998,0.0,0.0,0.0,0.213505898601,0.0,0.0,33.0436262872,46.6902335213,0.0,33.257132185799996,18.247186072799998,18.247186072799998,0.0,1315.5,1315.5
20,2022-03-29 01:40:00,18.3655242136,0.0,0.0,0.0,0.38506607678599997,0.0,0.0,34.0379735312,46.419317390500005,0.0,34.423039608,18.3655242136,18.3655242136,0.0,1300.73,1300.72998047
21,2022-03-29 01:45:00,18.8035803308,0.0,0.0,0.0,0.48456290552000003,0.0,0.0,33.9035059221,46.0915711546,0.0,34.3880688276,18.8035803308,18.8035803308,0.0,1301.93,1301.93005371
22,2022-03-29 01:50:00,20.1668577283,0.0,0.0,0.0,0.317926360149,0.0,0.0,35.220191363699996,44.207222119099995,0.0,35.5381177238,20.1668577283,20.1668577283,0.0,1260.88,1260.88000488
23,2022-03-29 01:55:00,18.9525045103,0.0,0.0,0.0,0.559885521687,0.0,0.0,34.2848293186,46.5555820309,0.0,34.8447148403,18.9525045103,18.9525045103,0.0,1308.93,1308.93005371
24,2022-03-29 02:00:00,19.3443025087,0.0,0.0,0.0,-0.007261321600220001,0.0,0.0,34.5079981987,44.2755375079,0.0,34.5007368771,19.3443025087,19.3443025087,1.21317174533e-06,1257.76,1257.76000977
25,2022-03-29 02:05:00,17.3025180157,0.0,0.0,0.0,-0.006791142558910001,0.0,0.0,32.173759584,48.5120898937,0.0,32.1669684414,17.3025180157,17.3025180157,0.0,1344.84,1344.83996582
26,2022-03-29 02:10:00,17.3731785721,0.0,0.0,0.0,-0.00723153938471,0.0,0.0,35.004123331100004,45.8485759333,0.0,34.9968917917,17.3731785721,17.3731785721,0.0,1262.94,1262.93994141
27,2022-03-29 02:15:00,16.6121146802,0.0,0.0,0.0,0.12775961817099998,0.0,0.0,32.6535772932,49.1262965538,0.0,32.7813369114,16.6121146802,16.6121146802,0.0,1337.41,1337.41003418
28,2022-03-29 02:20:00,16.5329602037,0.0,0.0,0.0,-0.007121469835310001,0.0,0.0,33.7902697072,48.229968040900005,0.0,33.7831482374,16.5329602037,16.5329602037,0.0,1282.46,1282.45996094
29,2022-03-29 02:25:00,14.8583498926,0.0,0.0,0.0,-0.00708226023747,0.0,0.0,34.4376640229,49.905391631,0.0,34.4305817626,14.8583498926,14.8583498926,0.0,1289.56,1289.56005859
30,2022-03-29 02:30:00,13.725103708399999,0.0,0.0,0.0,-0.00715926310177,0.0,0.0,34.7586999108,50.4848402729,0.0,34.7515406477,13.725103708399999,13.725103708399999,0.0,1275.69,1275.68994141
31,2022-03-29 02:35:00,13.6887191129,0.0,0.0,0.0,0.00465668223133,0.0,0.0,35.9397633973,50.7012374454,0.0,35.9444200795,13.6887191129,13.6887191129,-1.2111014793600001e-06,1259.91,1259.91003418
32,2022-03-29 02:40:00,13.208830624900001,0.0,0.0,0.0,-0.00690627759963,0.0,0.0,33.6834393878,51.9880202321,0.0,33.6765331102,13.208830624900001,13.208830624900001,0.0,1322.42,1322.42004395
33,2022-03-29 02:45:00,13.9704639424,0.0,0.0,0.0,0.0046240180943599996,0.0,0.0,35.5297773966,49.9728066675,0.0,35.5344014147,13.9704639424,13.9704639424,0.0,1268.81,1268.81005859
34,2022-03-29 02:50:00,13.3755137188,0.0,0.0,0.0,-0.007110546736600001,0.0,0.0,35.3059161184,50.741571201300005,0.0,35.2988055717,13.3755137188,13.3755137188,0.0,1284.43,1284.43005371
35,2022-03-29 02:55:00,13.8658743161,0.0,0.0,0.0,-0.00743838699999,0.0,0.0,37.152370465,49.052797286499995,0.0,37.144932078000004,13.8658743161,13.8658743161,0.0,1227.82,1227.81994629
36,2022-03-29 03:00:00,13.4016813574,0.0,0.0,0.0,-0.007149231351130001,0.0,0.0,35.4454623341,50.7687014649,0.0,35.4383131028,13.4016813574,13.4016813574,0.0,1277.48,1277.47998047
37,2022-03-29 03:05:00,12.419074553,0.0,0.0,0.0,0.21553119924800002,0.0,0.0,34.4859878641,51.2352187851,0.0,34.7015190634,12.419074553,12.419074553,0.0,1279.94,1279.93994141
38,2022-03-29 03:10:00,13.6828351946,0.0,0.0,0.0,-0.00730932367091,0.0,0.0,35.863222242,50.3209291529,0.0,35.8559129184,13.6828351946,13.6828351946,-1.2211916016399999e-06,1249.5,1249.5
39,2022-03-29 03:15:00,12.857163283299998,0.0,0.0,0.0,-0.00748085359335,0.0,0.0,35.8802811022,49.6285396867,0.0,35.8728002486,12.857163283299998,12.857163283299998,0.0,1220.85,1220.84997559
40,2022-03-29 03:20:00,11.557218432,0.0,0.0,0.0,-0.00465596560916,0.0,0.0,34.3463512776,52.0024814374,0.0,34.341695312,11.557218432,11.557218432,0.0,1273.42,1273.42004395
41,2022-03-29 03:25:00,11.9892588775,0.0,0.0,0.0,-0.00843397855746,0.0,0.0,36.887971604499995,49.3623914365,0.0,36.879537626,11.9892588775,11.9892588775,0.0,1185.68,1185.68005371
42,2022-03-29 03:30:00,11.061824769100001,0.0,0.0,0.0,1.38233623241,0.0,0.0,35.2730757084,52.2288048356,0.0,36.6554119408,11.061824769100001,11.061824769100001,0.0,1266.6,1266.59997559
43,2022-03-29 03:35:00,12.1613278202,0.0,0.0,0.0,-0.0053127612715900005,0.0,0.0,35.9178942032,51.7179708882,0.0,35.9125814419,12.1613278202,12.1613278202,1.23973548607e-06,1230.81,1230.81005859
44,2022-03-29 03:40:00,11.451584449,0.0,0.0,0.0,-0.00835135823449,0.0,0.0,37.4802340827,49.8768144095,0.0,37.4718827245,11.451584449,11.451584449,0.0,1197.41,1197.41003418
45,2022-03-29 03:45:00,11.1546535361,0.0,0.0,0.0,1.26206082904,0.0,0.0,36.2142623923,51.1053219832,0.0,37.4763232213,11.1546535361,11.1546535361,0.0,1228.15,1228.15002441
46,2022-03-29 03:50:00,10.8532116587,0.0,0.0,0.0,-0.007351449827,0.0,0.0,36.2859919218,51.9189615976,0.0,36.278640472,10.8532116587,10.8532116587,0.0,1242.34,1242.33996582
47,2022-03-29 03:55:00,11.0905167021,0.0,0.0,0.0,0.174195869318,0.0,0.0,35.8366045456,51.7511025258,0.0,36.010800415,11.0905167021,11.0905167021,0.0,1239.22,1239.2199707
48,2022-03-29 04:00:00,9.63654471735,0.0,0.0,0.0,0.182984056146,0.0,0.0,34.8944750142,53.37599517100001,0.0,35.077459070399996,9.63654471735,9.63654471735,0.0,1261.11,1261.10998535
49,2022-03-29 04:05:00,9.430602761389999,0.0,0.0,0.0,-0.00796451060219,0.0,0.0,35.9570960609,53.8695591684,0.0,35.9491315503,9.430602761389999,9.430602761389999,0.0,1255.57,1255.56994629
50,2022-03-29 04:10:00,10.0880668009,0.0,0.0,0.0,0.149850955676,0.0,0.0,35.8623400606,53.107989348100006,0.0,36.0121910162,10.0880668009,10.0880668009,0.0,1234.56,1234.56005859
51,2022-03-29 04:15:00,10.023158797,0.0,0.0,0.0,0.21905435496300002,0.0,0.0,37.01905865,51.4179519624,0.0,37.238113005,10.023158797,10.023158797,0.0,1186.92,1186.92004395
52,2022-03-29 04:20:00,8.95304116699,0.0,0.0,0.0,0.38717089831100004,0.0,0.0,37.5352102441,52.6644018817,0.0,37.9223811424,8.95304116699,8.95304116699,-6.35242910791e-07,1201.02,1201.02001953
53,2022-03-29 04:25:00,8.191442837230001,0.0,0.0,0.0,-0.00828061345079,0.0,0.0,36.2180224234,53.46046649,0.0,36.209741809899995,8.191442837230001,8.191442837230001,1.26352132071e-06,1207.64,1207.64001465
54,2022-03-29 04:30:00,7.802393018010001,0.0,0.0,0.0,0.70111380583,0.0,0.0,36.3284252882,53.6059901924,0.0,37.029539094,7.802393018010001,7.802393018010001,-6.33686447079e-07,1203.97,1203.9699707
55,2022-03-29 04:35:00,7.436018584939999,0.0,0.0,0.0,0.6603162153450001,0.0,0.0,34.2837362948,55.9760598366,0.0,34.9440525101,7.436018584939999,7.436018584939999,5.961908650199999e-07,1279.69,1279.68994141
56,2022-03-29 04:40:00,7.3811223456,0.0,0.0,0.0,-0.00822138582141,0.0,0.0,36.509887290100004,54.6360405999,0.0,36.5016659043,7.3811223456,7.3811223456,6.27241950905e-07,1216.34,1216.33996582
57,2022-03-29 04:45:00,6.88803569219,0.0,0.0,0.0,0.11509750529200001,0.0,0.0,35.9032050131,55.329838030699996,0.0,36.0183025184,6.88803569219,6.88803569219,0.0,1216.36,1216.35998535
58,2022-03-29 04:50:00,6.49002970685,0.0,0.0,0.0,3.16746106492,0.0,0.0,36.339703986399996,55.809852592,0.0,39.5071650513,6.49002970685,6.49002970685,0.0,1231.27,1231.27001953
59,2022-03-29 04:55:00,6.2597815754,0.0,0.0,0.0,2.04765437674,0.0,0.0,35.8876313168,56.1882836375,0.0,37.9352856935,6.2597815754,6.2597815754,-6.17484717006e-07,1235.56,1235.56005859
60,2022-03-29 05:00:00,5.97505392347,0.0,0.0,0.0,2.44271503353,0.0,0.0,35.7960733968,53.537712631000005,0.0,38.2387884304,5.97505392347,5.97505392347,1.2281012356299999e-06,1242.47,1242.4699707
61,2022-03-29 05:05:00,6.13509317661,0.0,0.0,0.0,1.7606896076099998,0.0,0.0,37.892768657,57.3873310773,0.0,39.6534582646,6.13509317661,6.13509317661,0.0,1255.19,1255.18994141
62,2022-03-29 05:10:00,5.7352918518300005,0.0,0.0,0.0,2.61088421577,0.0,0.0,35.2927086026,58.0520617029,0.0,37.9035928184,5.7352918518300005,5.7352918518300005,-5.99983853235e-07,1271.6,1271.59997559
63,2022-03-29 05:15:00,5.49735294089,0.0,0.0,0.0,0.023879646602,0.0,0.0,34.3870468275,55.3641607095,0.0,34.4109264741,5.49735294089,5.49735294089,-1.2145815863600001e-06,1256.3,1256.30004883
64,2022-03-29 05:20:00,5.53217172102,0.0,0.0,0.0,1.43497957081,0.0,0.0,34.5491719324,56.510497847399996,0.0,35.9841515033,5.53217172102,5.53217172102,0.0,1299.67,1299.67004395
65,2022-03-29 05:25:00,5.41278230434,0.0,0.0,0.0,1.34620305496,0.0,0.0,36.3434288078,56.46293706,0.0,37.6896318628,5.41278230434,5.41278230434,0.0,1288.81,1288.81005859
66,2022-03-29 05:30:00,5.11974438901,0.0,0.0,0.0,0.054207682893300004,0.0,0.0,35.8266378033,56.929680982600004,0.0,35.8808454862,5.11974438901,5.11974438901,0.0,1291.33,1291.32995605
67,2022-03-29 05:35:00,5.435770908259999,0.0,0.0,0.0,0.0,0.0,0.0,35.1447995896,51.603364998,0.0,35.1447995896,5.435770908259999,5.435770908259999,5.77014014332e-07,1322.22,1322.2199707
68,2022-03-29 05:40:00,4.97239575056,0.0,0.0,0.0,0.518258328108,0.0,0.0,40.6774368321,52.187494709,0.0,41.1956951602,4.97239575056,4.97239575056,0.0,1341.03,1341.0300293
69,2022-03-29 05:45:00,5.15377079767,0.0,0.0,0.0,1.7806719363099999,0.0,0.0,40.842516111500004,49.4751128218,0.0,42.6231880479,5.15377079767,5.15377079767,0.0,1342.19,1342.18994141
70,2022-03-29 05:50:00,4.70506291142,0.0,0.0,0.0,0.0,0.0,0.0,41.0358148659,52.7713907915,0.0,41.0358148659,4.70506291142,4.70506291142,0.0,1417.34,1417.33996582
71,2022-03-29 05:55:00,4.96005100762,0.0,0.0,0.0,-0.007400500330609999,0.0,0.0,42.0132685043,52.7159844842,0.0,42.0058680039,4.96005100762,4.96005100762,0.0,1351.26,1351.26000977
72,2022-03-29 06:00:00,5.31748174214,0.0,0.0,0.0,0.0,0.0,0.0,40.4468484284,50.4920851871,0.0,40.4468484284,5.31748174214,5.31748174214,-5.62444779172e-07,1356.47,1356.4699707
73,2022-03-29 06:05:00,4.78362442534,0.0,0.0,0.0,1.25140064046,0.0,0.0,42.0985579476,50.8417176242,0.0,43.3499585881,4.78362442534,4.78362442534,0.0,1372.2,1372.19995117
74,2022-03-29 06:10:00,4.26796452285,0.0,0.0,0.0,-0.0142636054624,0.0,0.0,41.4425333152,50.7206672623,0.0,41.4282697097,4.26796452285,4.26796452285,0.0,1402.17,1402.17004395
75,2022-03-29 06:15:00,4.218221951269999,0.0,0.0,0.0,-0.0140629171713,0.0,0.0,41.9639450636,49.9416376929,0.0,41.9498821465,4.218221951269999,4.218221951269999,8.04686563211e-07,1422.18,1422.18005371
76,2022-03-29 06:20:00,3.74361808619,0.0,0.0,0.0,-0.0139943322649,0.0,0.0,43.0140318291,47.9809648385,0.0,43.000037496800005,3.74361808619,3.74361808619,0.0,1429.15,1429.15002441
77,2022-03-29 06:25:00,3.4242225093900003,0.0,0.0,0.0,-0.013873954854600001,0.0,0.0,45.502938477200004,45.1340559013,0.0,45.4890645223,3.4242225093900003,3.4242225093900003,0.0,1441.55,1441.55004883
78,2022-03-29 06:30:00,3.44366244873,0.0,0.0,0.0,1.71513430595,0.0,0.0,45.6981959328,47.3093217254,0.0,47.4133302387,3.44366244873,3.44366244873,0.0,1458.74,1458.73999023
79,2022-03-29 06:35:00,3.05597167786,0.0,0.005492266539520001,0.0,0.467859766542,0.0,0.0,45.204983313599996,42.948844334099995,0.0,45.6728430801,3.0614639444,3.0614639444,0.0,1474.72,1474.8009707
80,2022-03-29 06:40:00,3.03868455731,0.0,0.0109945893169,0.0,5.2869043534,0.0,0.0,45.1352295047,41.4971092531,0.0,50.422133858100004,3.04967914662,3.04967914662,0.0,1473.29,1473.45203906
81,2022-03-29 06:45:00,2.71197769217,0.0,0.0164496732961,0.0,6.826953281590001,0.0,0.0,44.986975200100005,49.0166433895,0.0,51.8139284817,2.72842736546,2.72842736546,0.0,1476.99,1477.23299024
82,2022-03-29 06:50:00,2.6427487059,0.0,0.0217183797119,0.0,2.16513471006,0.0,0.0,44.6235871859,44.2786815039,0.0,46.788721896000006,2.6644670856099997,2.6644670856099997,7.6712077275e-07,1491.5,1491.8239999999998
83,2022-03-29 06:55:00,2.47725217046,0.0,0.0268734256324,0.0,6.642049029330001,0.0,0.0,44.3065211676,43.7346743772,0.0,50.94857019689999,2.5041255961,2.5041255961,-5.062418912399999e-07,1506.66,1507.06503418
84,2022-03-29 07:00:00,2.5125306678799997,0.0052616833239399995,0.0319647270015,0.0,6.856631234759999,0.0,0.0,43.667163378400005,44.613814382600005,0.0,50.523794613199996,2.54975707821,2.54975707821,-5.017932359260001e-07,1519.94,1520.42594141
85,2022-03-29 07:05:00,2.16260009083,0.0309303519095,0.329515643736,0.0,6.19251424531,0.0,0.0,43.015774174700006,48.599962322399996,0.0,49.20828842,2.52304608647,2.52304608647,0.0,1546.76,1551.8736763
86,2022-03-29 07:10:00,2.12037205737,0.0360518323306,0.6385325393860001,0.0,3.6510673541800003,0.0,0.0,43.7307492453,45.593768608599994,0.0,47.3818165995,2.79495642908,2.79495642908,-7.50146308536e-07,1515.84,1525.58129883
87,2022-03-29 07:15:00,1.8397767495400004,0.0765760846996,0.916934792189,0.0,5.88359541255,0.0,0.0,42.1960975413,48.112114749899995,0.0,48.0796929538,2.83328762643,2.83328762643,0.0,1552.7,1567.06895161
88,2022-03-29 07:20:00,1.7287528633400002,0.24048568251699998,1.24142013445,0.0,4.7508989315,0.0,0.0,43.6697477856,49.289761616199996,0.0,48.4206467171,3.2106586803,3.2106586803,7.47864178432e-07,1511.24,1530.23665619
89,2022-03-29 07:25:00,1.7405660971,0.47044426442599996,1.55657309516,0.0,1.6307417034,0.0,0.0,43.4830351766,47.3323599802,0.0,45.11377688,3.76758345669,3.76758345669,0.0,1494.09,1517.71429825
90,2022-03-29 07:30:00,1.6602593209299998,1.16733936769,1.8674786548700002,0.0,2.2017282685299997,0.0,0.0,44.096128415500004,49.7771746424,0.0,46.297856683999996,4.6950773435,4.6950773435,5.043087579229999e-07,1484.59,1512.84196663
91,2022-03-29 07:35:00,1.5307234046899998,1.7359943821700001,2.9533446418700002,0.0,0.0,0.0,0.0,43.819518350900005,47.3901939449,0.0,43.819518350900005,6.22006242873,6.22006242873,7.58567341096e-07,1464.09,1508.64546585
92,2022-03-29 07:40:00,1.41680516849,2.35827334452,3.97348185086,0.0,0.0,0.0,0.0,43.07214315109999,47.0166068538,0.0,43.07214315109999,7.748560363869999,7.748560363869999,4.981228762439999e-07,1470.77,1531.62902069
93,2022-03-29 07:45:00,1.43501808213,3.26625163715,4.99271274274,0.0,0.0,0.0,0.0,41.9826977258,47.6673463308,0.0,41.9826977258,9.693982462020001,9.693982462020001,0.0,1468.34,1545.50246429
94,2022-03-29 07:50:00,1.4948361629799998,4.03004441459,6.1078669728,0.0,0.0,0.0,0.0,41.0338024343,45.3701870813,0.0,41.0338024343,11.6327475504,11.6327475504,0.0,1436.79,1530.25604248
95,2022-03-29 07:55:00,1.66698008509,5.0988990770300004,7.30302205673,0.0,-0.006653052183739999,0.0,0.0,41.1934009634,42.3939146501,0.0,41.1867479112,14.0689012188,14.0689012188,0.0,1393.3,1503.06954956
96,2022-03-29 08:00:00,1.6743337445500002,6.12405784911,8.487175144430001,0.0,0.0,0.0,0.0,42.1416403926,39.8255633594,0.0,42.1416403926,16.285566738099998,16.285566738099998,0.0,1359.38,1485.45300293
97,2022-03-29 08:05:00,1.5152611553100002,7.137034098839999,10.1929386349,0.0,0.0,0.0,0.0,41.5085360545,37.547851117,0.0,41.5085360545,18.8452338891,18.8452338891,0.0,1336.97,1488.71363831
98,2022-03-29 08:10:00,1.29777874844,8.16818178386,11.8968277318,0.0,0.0,0.0,0.0,41.921478575,35.1893686903,0.0,41.921478575,21.3627882641,21.3627882641,0.0,1313.86,1491.27432251
99,2022-03-29 08:15:00,1.12825804105,9.274238503400001,13.6948942445,0.0,0.000584655361532,0.0,0.0,42.0711222932,38.1233061231,0.0,42.0717069485,24.097390789000002,24.097390789000002,0.0,1279.84,1482.92497253
100,2022-03-29 08:20:00,1.01806311484,10.294326063,15.419626403699999,0.0,0.00010313199868700001,0.0,0.0,35.8424456592,35.999808485500004,0.0,35.8425487912,26.7320155815,26.7320155815,0.0,1254.78,1483.53569031
101,2022-03-29 08:25:00,0.931604724252,11.281959391,17.0584623317,0.0,0.0771037778641,0.0,0.0,35.4066418611,33.9075610737,0.0,35.4837456389,29.2720264469,29.2720264469,0.0,1237.07,1491.49627686
102,2022-03-29 08:30:00,0.9558941728120001,12.3310458676,18.9701154405,0.0,0.34202112757299996,0.0,0.0,36.0229016643,29.7510960056,0.0,36.3649227918,32.2570554809,32.2570554809,0.0,1196.42,1476.51702881
103,2022-03-29 08:35:00,0.917116728985,13.045726148599998,20.748518786400002,0.0,0.0,0.0,0.0,36.2176842929,28.5553326906,0.0,36.2176842929,34.7113616639,34.7113616639,0.0,1184.97,1495.20230103
104,2022-03-29 08:40:00,0.827188664322,13.7668579877,22.4082721262,0.0,0.721469377701,0.0,0.0,35.272520104899996,26.7930687414,0.0,35.9939894826,37.0023187782,37.0023187782,0.0,1178.57,1518.93762207
105,2022-03-29 08:45:00,0.7612425573620001,14.7409619447,24.543075165599998,0.0,0.39140553846000004,0.0,0.0,35.0208979096,23.845342732800002,0.0,35.4123034481,40.0452796676,40.0452796676,0.0,1139.1,1509.60296631
106,2022-03-29 08:50:00,0.567721380751,15.624810259,26.6321969965,0.0,-0.006071107811040001,0.0,0.0,35.0856268827,22.913064524099997,0.0,35.0795557749,42.8247286362,42.8247286362,0.0,1103.7,1504.33828735
107,2022-03-29 08:55:00,0.619799261677,16.4055065318,28.549164595300002,0.0,1.44146301506,0.0,0.0,33.5425408196,22.588885001100003,0.0,34.9840038347,45.5744703887,45.5744703887,0.0,1078.11,1508.88366699
108,2022-03-29 09:00:00,0.589174716192,16.8296220643,30.426469538899998,0.0,0.00107602903128,0.0,0.0,30.302247971,23.0547461721,0.0,30.303324,47.8452663194,47.8452663194,0.0,1053.92,1514.82904053
109,2022-03-29 09:05:00,0.526967365679,16.8592900348,32.336754757,0.0,0.0204052750146,0.0,0.0,28.6482969073,23.5294945979,0.0,28.6687021823,49.7230121574,49.7230121574,-2.01742815837e-06,1023.54,1512.69714355
110,2022-03-29 09:10:00,0.347827342232,17.2690634615,34.1229915908,0.0,0.582242136183,0.0,0.0,25.8318837959,21.811054252199998,0.0,26.4141259321,51.7398823946,51.7398823946,0.0,998.89,1516.29534912
111,2022-03-29 09:15:00,0.29132174778299996,17.4106058094,35.646537826999996,0.0,0.0005663951460700001,0.0,0.0,25.415547926,20.5097757383,0.0,25.4161143211,53.348465384200004,53.348465384200004,0.0,985.08,1530.73352051
112,2022-03-29 09:20:00,0.235769230947,17.5083485202,37.0818557434,0.0,0.233169170411,0.0,0.0,25.944428750700002,19.4086348684,0.0,26.177597921100002,54.8259734946,54.8259734946,0.0,973.76,1547.66168213
113,2022-03-29 09:25:00,0.277383468787,17.783406329600002,39.0955660383,0.0,1.86395753466,0.0,0.0,25.8171289506,18.6281025514,0.0,27.681086485300003,57.1563558367,57.1563558367,0.0,938.05,1540.1998291
114,2022-03-29 09:30:00,0.31457341441799996,17.676072746,40.349655780700004,0.0,1.3702969168599999,0.0,0.0,23.491910059699997,18.6297712271,0.0,24.8622069766,58.340301941099995,58.340301941099995,0.0,931.94,1562.3380127
115,2022-03-29 09:35:00,0.18838718798300003,17.903387465999998,42.2021360832,0.0,1.6456636903900002,0.0,0.0,22.7163072143,17.4278492209,0.0,24.361970904699998,60.2939107372,60.2939107372,0.0,899.41,1556.13012695
116,2022-03-29 09:40:00,0.115947748077,17.9168113321,43.5932815113,0.0,1.2578511745799998,0.0,0.0,21.7892531308,13.419260194300001,0.0,23.0471043054,61.626040591400006,61.626040591400006,0.0,883.81,1566.85235596
117,2022-03-29 09:45:00,0.158064124449,18.1061265259,45.400649354799995,0.0,-0.00584529006023,0.0,0.0,24.041131275100003,9.34939219911,0.0,24.035285985,63.664840005200006,63.664840005200006,0.0,853.09,1562.45452881
118,2022-03-29 09:50:00,0.21124535041499998,18.0842681005,46.6753934061,0.0,1.21551551341,0.0,0.0,26.045884387399997,11.521551708399999,0.0,27.2613999008,64.970906857,64.970906857,0.0,840.49,1576.17663574
119,2022-03-29 09:55:00,0.121094303784,18.2058688491,48.319577494700006,0.0,1.04682768358,0.0,0.0,23.9467681497,10.9123613368,0.0,24.9935958333,66.6465406475,66.6465406475,0.0,815.01,1577.01885986
120,2022-03-29 10:00:00,0.140473772769,17.4373343625,47.5390474152,0.0,0.911104350134,0.0,0.0,20.8705966254,11.0795453291,0.0,21.7817009755,65.1168555505,65.1168555505,0.0,869.95,1658.28100586
121,2022-03-29 10:05:00,0.114186594823,17.9870275775,49.9690844805,0.0,0.17560919227000002,0.0,0.0,24.3058911012,4.99512763575,0.0,24.481500293499998,68.07029865279999,68.07029865279999,0.0,810.39,1619.77850342
122,2022-03-29 10:10:00,0.111018496915,18.086740058,51.2350267946,0.0,1.00000686014,0.0,0.0,27.082267037399998,2.47276765447,0.0,28.0822738975,69.4327853495,69.4327853495,0.0,790.41,1620.85595703
123,2022-03-29 10:15:00,0.105967935361,18.0431676527,52.170233188500006,0.0,0.511302356421,0.0,0.0,27.7340824698,1.3534183799700001,0.0,28.2453848263,70.3193687766,70.3193687766,0.0,780.66,1632.16345215
124,2022-03-29 10:20:00,0.0499445901602,17.805671702799998,52.5259122779,0.0,2.58600079423,0.0,0.0,28.5806520213,3.1639760467599998,0.0,31.1666528155,70.3815285709,70.3815285709,0.0,788.64,1661.20098877
125,2022-03-29 10:25:00,0.0246880488198,17.8776351393,53.8195197245,0.0,1.77639823846,0.0,0.0,26.9349106031,3.4780805889699997,0.0,28.711308841599998,71.7218429126,71.7218429126,0.0,766.78,1660.39855957
126,2022-03-29 10:30:00,0.11517184905099999,17.9507670497,55.04605178,0.0,0.000521768665045,0.0,0.0,24.427280252600003,3.67163829977,0.0,24.427802021199998,73.1119906787,73.1119906787,0.0,746.98,1661.65600586
127,2022-03-29 10:35:00,0.197609821376,17.8935779993,55.4885659558,0.0,0.23881956103,0.0,0.0,22.5232079656,5.388627291440001,0.0,22.762027526599997,73.5797537764,73.5797537764,1.81810790383e-06,747.14,1678.53503418
128,2022-03-29 10:40:00,0.549695235761,17.4398731434,56.473881079899996,0.0,0.0779501954217,0.0,0.0,20.200514470399998,7.204318938210001,0.0,20.278464665799998,74.4634494592,74.4634494592,0.0,730.74,1678.85400391
129,2022-03-29 10:45:00,0.56029260021,18.4498779582,58.751284919899994,0.0,0.49071413503,0.0,0.0,18.5004682538,5.98331663095,0.0,18.9911823889,77.7614554783,77.7614554783,0.0,677.4,1642.23303223
130,2022-03-29 10:50:00,0.8872441990530001,18.3984509717,59.432097856599995,0.0,1.00866760363,0.0,0.0,15.9168208112,7.741808944500001,0.0,16.9254884148,78.71779302729999,78.71779302729999,0.0,670.0,1651.55200195
131,2022-03-29 10:55:00,1.0822172380600001,18.5284548808,60.5269129604,0.0,0.146041866442,0.0,0.0,13.767411273199999,5.98010889068,0.0,13.9134531396,80.13758507930001,80.13758507930001,0.0,651.03,1649.30102539
132,2022-03-29 11:00:00,1.31494685339,18.4898530099,61.0865687502,0.0,0.819029696791,0.0,0.0,13.586727715,4.78225277457,0.0,14.4057574118,80.8913686135,80.8913686135,0.0,646.57,1661.55999756
133,2022-03-29 11:05:00,1.83824729535,18.4810709096,61.54919698810001,0.0,1.14743364518,0.0,0.0,14.3074152404,4.71499236763,0.0,15.454848885499999,81.86851519300001,81.86851519300001,0.0,642.37,1670.6282959
134,2022-03-29 11:10:00,2.2448945096400004,18.416299198900003,61.7469311026,0.0,-0.0054145012821200005,0.0,0.0,12.6244500648,2.58541997274,0.0,12.619035563499999,82.4081248111,82.4081248111,0.0,645.24,1686.76660156
135,2022-03-29 11:15:00,2.36939077665,18.1358344394,61.253887391000006,0.0,1.2258193185100001,0.0,0.0,14.876338068699999,5.20439832149,0.0,16.102157387200002,81.7591126071,81.7591126071,0.0,667.21,1722.00506592
136,2022-03-29 11:20:00,2.36454060676,18.2532581588,62.0662731166,0.0,-0.00530728130918,0.0,0.0,13.0939959917,4.07009734734,0.0,13.0886887104,82.6840718822,82.6840718822,0.0,652.78,1720.84338379
137,2022-03-29 11:25:00,2.32912639854,18.2215576796,63.991254168100006,0.0,0.559746989244,0.0,0.0,13.4123082045,2.35588395187,0.0,13.972055193800001,84.5419382462,84.5419382462,0.0,608.48,1689.81164551
138,2022-03-29 11:30:00,2.56713020404,18.1634143472,63.67433231770001,0.0,0.76254874178,0.0,0.0,13.340846656199998,0.890603029642,0.0,14.103395398,84.40487686899999,84.40487686899999,0.0,624.46,1719.05999756
139,2022-03-29 11:35:00,2.81422616138,18.5324233171,64.8763132601,0.0,0.0005095329443980001,0.0,0.0,14.3261754326,0.730506850266,0.0,14.3266849655,86.2229627386,86.2229627386,0.0,597.65,1701.55834961
140,2022-03-29 11:40:00,3.247564594,18.100752266,65.6824412583,0.0,0.133266921866,0.0,0.0,13.3530569748,0.201198145337,0.0,13.4863238966,87.0307581184,87.0307581184,0.0,581.63,1694.84667969
141,2022-03-29 11:45:00,3.0644305434500003,17.8209813952,63.8692829778,0.0,0.70033711714,0.0,0.0,13.239717456800001,2.96324117689,0.0,13.940054573900001,84.7546949164,84.7546949164,0.0,635.01,1757.53503418
142,2022-03-29 11:50:00,2.87437897501,17.7062160294,66.5266461275,0.0,0.00050960332066,0.0,0.0,12.7314303096,0.0,0.0,12.7319399129,87.10724113190001,87.10724113190001,0.0,569.49,1701.32336426
143,2022-03-29 11:55:00,3.6654341603699994,18.2424656855,66.4493067441,0.0,0.000771554765435,0.0,0.0,12.3393484285,0.0,0.0,12.3401199832,88.35720659,88.35720659,0.0,576.17,1717.31170654
144,2022-03-29 12:00:00,4.19365363484,17.9429080449,67.2019298167,0.0,0.000506445982349,0.0,0.0,12.3973519213,0.0,0.0,12.3978583673,89.3384914964,89.3384914964,0.0,561.48,1711.92993164
145,2022-03-29 12:05:00,4.71994401169,16.6543392241,66.6124669034,0.0,0.271625863748,0.0,0.0,12.7158960847,0.0,0.0,12.9875219484,87.9867501392,87.9867501392,0.0,580.09,1737.44500732
146,2022-03-29 12:10:00,4.90720395624,17.9060276219,66.9576729894,0.0,0.414577314071,0.0,0.0,12.840689676199998,0.0,0.0,13.255266990299999,89.7709045675,89.7709045675,0.0,574.54,1738.79998779
147,2022-03-29 12:15:00,5.03500635558,18.3223728355,68.79716022470001,0.0,0.000957502735723,0.0,0.0,12.841274499999999,0.0,0.0,12.8422320027,92.1545394158,92.1545394158,0.0,531.18,1702.34503174
148,2022-03-29 12:20:00,5.477812387949999,18.2349880541,68.9700173798,0.0,0.105888447849,0.0,0.0,13.014373665399999,0.0,0.0,13.120262113299999,92.6828178219,92.6828178219,0.0,530.02,1708.08996582
149,2022-03-29 12:25:00,5.27851409807,17.9627555556,68.8832829557,0.0,0.000503992151977,0.0,0.0,12.2791537331,0.0,0.0,12.2796577253,92.1245526094,92.1245526094,0.0,535.29,1720.26495361
150,2022-03-29 12:30:00,5.11878875199,15.653282676099998,68.4905838855,0.0,0.37401634964599995,0.0,0.0,12.6956918344,0.0,0.0,13.069708184000001,89.2626553135,89.2626553135,0.0,548.33,1740.21002197
151,2022-03-29 12:35:00,5.57681584105,17.9359619625,68.8876913479,0.0,0.000500192316686,0.0,0.0,12.1478573808,0.0,0.0,12.1483575732,92.40046915139999,92.40046915139999,0.0,539.28,1733.33337402
152,2022-03-29 12:40:00,6.26554706451,16.5605696541,65.0474343324,0.0,0.000471450174382,0.0,0.0,11.5592936954,0.21968380710000002,0.0,11.5597651456,87.8735510509,87.8735510509,0.0,642.78,1839.00671387
153,2022-03-29 12:45:00,7.815803642460001,17.305370071400002,68.8743546379,0.0,0.000498281598214,0.0,0.0,12.486057779300001,0.0,0.0,12.4865560609,93.9955283518,93.9955283518,0.0,541.58,1739.9800415
154,2022-03-29 12:50:00,8.4374304536,18.155124766900002,69.1668799613,0.0,0.331765844979,0.0,0.0,12.594043788199999,0.0,0.0,12.9258096332,95.7594351819,95.7594351819,1.7581646617599999e-06,535.19,1735.7633667
155,2022-03-29 12:55:00,8.90473780551,17.3943277997,69.521054532,0.0,0.000501142564535,0.0,0.0,12.287309246,0.0,0.0,12.287810388599999,95.82012013719999,95.82012013719999,0.0,527.3,1730.04669189
156,2022-03-29 13:00:00,8.8030324762,16.509004165,68.1303899058,0.0,0.00256085490861,0.0,0.0,12.000450788,0.0,0.0,12.003011642899999,93.44242654690001,93.44242654690001,0.0,563.63,1768.55004883
157,2022-03-29 13:05:00,9.26670979048,17.562827573699998,69.51652828520001,0.0,0.00261076088348,0.0,0.0,12.523309819300001,0.0,0.0,12.5259205802,96.3460656494,96.3460656494,0.0,528.81,1734.74334717
158,2022-03-29 13:10:00,10.2854615765,17.2456672286,66.8269892358,0.0,0.0025076455355300003,0.0,0.0,11.955106932,0.0,0.0,11.9576145776,94.3581180409,94.3581180409,0.0,599.13,1806.07666016
159,2022-03-29 13:15:00,11.8706801965,17.3897108295,68.16391439479999,0.0,0.00255566726795,0.0,0.0,12.0145741958,0.0,0.0,12.0171298631,97.4243054209,97.4243054209,0.0,564.18,1772.13995361
160,2022-03-29 13:20:00,14.0389492655,15.9899302183,69.107358776,0.0,0.00258886784375,0.0,0.0,12.074560498099999,0.0,0.0,12.077149365899999,99.1362382598,99.1362382598,0.0,540.44,1749.41339111
161,2022-03-29 13:25:00,14.6645695698,16.7158139514,67.1533327875,0.0,0.679604185352,0.0,0.0,12.317593781700001,0.0,0.0,12.9971979671,98.53371630870001,98.53371630870001,0.0,591.84,1801.82672119
162,2022-03-29 13:30:00,15.594000167899999,16.0986794893,67.10554040609999,0.0,0.00250966967335,0.0,0.0,11.9647569339,0.0,0.0,11.967266603599999,98.7982200633,98.7982200633,3.3821611428e-06,593.62,1804.61999512
163,2022-03-29 13:35:00,16.0581094877,16.7320977634,67.53009547810001,0.0,0.0025369825546100004,0.0,0.0,12.3955265521,0.0,0.0,12.3980635346,100.32030272899999,100.32030272899999,0.0,579.65,1785.19165039
164,2022-03-29 13:40:00,16.8022978179,16.3093270765,67.0522530843,0.0,0.0025304880121799996,0.0,0.0,11.6897848688,0.0,0.0,11.6923153569,100.16387797899999,100.16387797899999,0.0,589.69,1789.77337646
165,2022-03-29 13:45:00,18.7995332159,16.7542719812,65.649015498,0.0,0.0024888512799199998,0.0,0.0,11.7003322677,0.0,0.0,11.702821119000001,101.202820695,101.202820695,0.0,625.09,1819.71502686
166,2022-03-29 13:50:00,18.0527274874,15.5260174528,64.9488954261,0.0,0.0024736108947600003,0.0,0.0,11.8474651994,0.0,0.0,11.8499388103,98.52764036629999,98.52764036629999,0.0,641.76,1830.92663574
167,2022-03-29 13:55:00,19.9472198309,17.0920113815,66.3038541435,0.0,0.00518630603763,0.0,0.0,12.3567730818,0.0,0.0,12.361959387899999,103.343085356,103.343085356,-3.41880330192e-06,601.57,1785.27838135
168,2022-03-29 14:00:00,19.3051067116,15.4453674082,63.3454126749,0.0,0.432533176479,0.0,0.0,11.752408006700001,0.0,0.0,12.1849411831,98.0958867947,98.0958867947,0.0,681.79,1860.03997803
169,2022-03-29 14:05:00,18.977950134500002,16.379503591600002,62.5112332812,0.0,0.00243007094187,0.0,0.0,11.6749369641,0.0,0.0,11.677367035,97.8686870073,97.8686870073,0.0,698.69,1863.73162842
170,2022-03-29 14:10:00,20.9475959635,16.6769726688,62.668323065500005,0.0,0.0024641137006599996,0.0,0.0,11.801977982,0.0,0.0,11.804442095699999,100.29289169799999,100.29289169799999,0.0,686.15,1837.98339844
171,2022-03-29 14:15:00,22.9682017411,17.1173366445,64.0031135558,0.0,0.00460479519599,0.0,0.0,12.231325784300001,0.0,0.0,12.2359305794,104.08865194100001,104.08865194100001,0.0,640.39,1779.01501465
172,2022-03-29 14:20:00,23.465377293099998,16.5544215442,60.6031501709,0.0,1.18314026448,0.0,0.0,11.6444025746,0.0,0.0,12.827542839100001,100.62294900799999,100.62294900799999,0.0,731.61,1857.02661133
173,2022-03-29 14:25:00,24.612840254,16.279800450699998,62.2559847911,0.0,0.00458548080051,0.0,0.0,12.422836498299999,0.0,0.0,12.4274219791,103.14862549600001,103.14862549600001,0.0,674.3,1786.50836182
174,2022-03-29 14:30:00,25.0430837185,16.9345052364,60.380302343900006,0.0,0.0045007772912200004,0.0,0.0,11.5316910795,0.0,0.0,11.5361918568,102.357891299,102.357891299,0.884721878971,721.13,1820.13000488
175,2022-03-29 14:35:00,24.0403073182,15.435109657,56.8435588319,0.0,1.6201661412700001,0.0,0.0,11.3452506787,0.0,0.0,12.96541682,96.31897580709999,96.31897580709999,0.0,817.52,1894.31750488
176,2022-03-29 14:40:00,27.1714891509,16.8602548159,57.576385959,0.0,1.8467590935099998,0.0,0.0,11.807557803599998,0.0,0.0,13.654316897100001,101.608129926,101.608129926,0.948370943487,777.05,1831.6449585
177,2022-03-29 14:45:00,24.6179555602,16.3143120171,54.5073548614,0.0,2.127867297,0.0,0.0,11.453195624700001,0.0,0.0,13.581062921700001,95.43962243870001,95.43962243870001,0.0,861.65,1894.04248047
178,2022-03-29 14:50:00,28.0992979821,17.327232282,56.6465916545,0.0,1.5497627910799998,0.0,0.0,12.2768779018,0.0,0.0,13.8266406929,102.073121919,102.073121919,0.325036882337,773.13,1783.32000732
179,2022-03-29 14:55:00,30.168433978699998,17.0197072253,54.411264948,0.0,2.11384714099,0.0,0.0,12.0383415321,0.0,0.0,14.1521886731,101.59940615200001,101.59940615200001,1.7236376651599998,827.79,1815.77746582
180,2022-03-29 15:00:00,27.296818874099998,16.2977948172,50.8386826105,0.0,1.4554771070399999,0.0,0.0,11.0664896244,0.0,0.0,12.521966731400001,94.4332963017,94.4332963017,0.0,933.92,1899.70495605
181,2022-03-29 15:05:00,31.3674746334,16.5883671206,50.84337739,0.0,0.75621697506,0.0,0.0,11.3942449025,0.0,0.0,12.1504618776,98.79921914399999,98.79921914399999,0.0,918.54,1868.59863281
182,2022-03-29 15:10:00,33.0802560808,16.4399691444,49.5033496356,0.0,0.752084704061,0.0,0.0,11.351376583699999,0.0,0.0,12.1034612878,99.0235748607,99.0235748607,0.0,953.08,1887.41235352
183,2022-03-29 15:15:00,31.560800874899996,16.4849786813,48.738981386400006,0.0,0.7862565540270001,0.0,0.0,11.8463658576,0.0,0.0,12.6326224117,96.7847609426,96.7847609426,0.0,966.14,1884.74603271
184,2022-03-29 15:20:00,32.724541640300004,15.816103146600001,46.0913987366,0.0,1.55097658947,0.0,0.0,11.278414883499998,0.0,0.0,12.8293914729,94.6320435235,94.6320435235,0.0,1056.01,1958.88964844
185,2022-03-29 15:25:00,34.1423319569,15.930225796099998,45.739375383100004,0.0,1.56847708553,0.0,0.0,11.4949944827,0.0,0.0,13.063471568199999,95.81193313620001,95.81193313620001,0.0,1052.43,1939.58337402
186,2022-03-29 15:30:00,34.9848395101,16.657193742,47.3065068986,0.0,1.6352062604299997,0.0,0.0,11.6671144686,0.0,0.0,13.302320729000002,98.9485401507,98.9485401507,0.0,970.66,1842.0869750999998
187,2022-03-29 15:35:00,33.888970504,17.5142687886,49.340977013599996,0.0,1.70019164884,0.0,0.0,12.184900233099999,0.0,0.0,13.885091882000001,100.744216306,100.744216306,0.535328755542,887.98,1752.85650635
188,2022-03-29 15:40:00,32.7019905137,16.5300914633,47.1228113596,0.0,1.63560119444,0.0,0.0,11.68908473,0.0,0.0,13.3246859244,96.3548933366,96.3548933366,0.0,963.14,1821.46600342
189,2022-03-29 15:45:00,31.7504427765,16.4555277347,46.6607287638,0.0,1.59154746754,0.0,0.0,11.9196715026,0.0,0.0,13.5112189702,94.8666992751,94.8666992751,0.0,973.69,1825.46551514
190,2022-03-29 15:50:00,32.0277705204,16.7888146707,46.9816086238,0.0,1.6250926779799997,0.0,0.0,12.318288983399999,0.0,0.0,13.943381661400002,95.7981938149,95.7981938149,0.0,953.83,1799.05499268
191,2022-03-29 15:55:00,31.046793806799997,16.0724434464,46.2912474685,0.0,1.5821639404299999,0.0,0.0,11.733296875299999,0.0,0.0,13.3154608158,93.4104847218,93.4104847218,0.0,973.06,1811.73449707
192,2022-03-29 16:00:00,30.7508299465,14.710378631,46.2652508653,0.0,2.9607688444700004,0.0,0.0,12.4516707251,0.0,0.0,15.4124395695,91.7264594428,91.7264594428,3.3934927198e-06,966.47,1798.59399414
193,2022-03-29 16:05:00,28.691906312199997,12.759941807,43.0026085152,0.0,1.6717843776199999,0.0,0.0,11.7814931081,3.21558210111,0.0,13.4532774857,84.45445663439999,84.45445663439999,0.0,1068.84,1875.24365234
194,2022-03-29 16:10:00,28.5529080877,12.737877757,42.1384358904,0.0,1.5650815141999999,0.0,0.0,12.323240968699999,2.60165999836,0.0,13.8883224829,83.4292217351,83.4292217351,0.0,1071.98,1852.66333008
195,2022-03-29 16:15:00,30.1735682455,14.243546413699999,40.4961601487,0.0,1.5295548372299999,0.0,0.0,12.1206924854,2.32904548956,0.0,13.6502473227,84.9132748078,84.9132748078,0.0,1109.32,1864.28295898
196,2022-03-29 16:20:00,30.8774846649,15.9932419617,39.3433938307,0.0,1.5546064841299998,0.0,0.0,11.6859441825,1.1302741297799999,0.0,13.2405506667,86.2141204573,86.2141204573,0.0,1124.29,1853.53271484
197,2022-03-29 16:25:00,32.8859525874,16.1563755169,39.732830426999996,0.0,1.63336458257,0.0,0.0,12.062142106700001,0.0,0.0,13.6955066892,88.7751585313,88.7751585313,-3.44708245835e-06,1067.11,1770.63232422
198,2022-03-29 16:30:00,30.5231019617,15.326095766199998,36.9787093281,0.0,1.58299126695,0.0,0.0,11.7252602853,4.408735002119999,0.0,13.3082515522,82.827907056,82.827907056,0.0,1155.15,1832.95202637
199,2022-03-29 16:35:00,35.2349145424,16.316308549000002,37.0231428863,0.0,1.66077411046,0.0,0.0,12.0316984063,0.0,0.0,13.6924725167,88.57436597780001,88.57436597780001,0.0,1102.19,1750.15075684
200,2022-03-29 16:40:00,36.4292706336,15.772277929200001,34.8831981702,0.0,1.65085335636,0.0,0.0,12.224087179000001,0.0,0.0,13.8749405353,87.08474673299999,87.08474673299999,0.0,1153.85,1771.96966553
201,2022-03-29 16:45:00,37.5101345235,15.3116834275,32.9319010249,0.0,2.33961858222,0.0,0.0,12.4429201122,1.29426041392,0.0,14.782538694400001,85.7537189759,85.7537189759,0.0,1198.07,1786.34844971
202,2022-03-29 16:50:00,38.2707428355,15.0095426257,31.181461953899998,0.0,2.97038027417,0.0,0.0,12.8791409187,1.7476979167400002,0.0,15.8495211928,84.4617474151,84.4617474151,0.0,1232.49,1790.92730713
203,2022-03-29 16:55:00,37.414285512199996,14.9718522735,30.0332579287,0.0,2.9922368473,0.0,0.0,13.315849894300001,2.72210319744,0.0,16.3080867416,82.4193957144,82.4193957144,0.0,1231.44,1760.03613281
204,2022-03-29 17:00:00,38.9393910326,14.63939043,28.2980759488,0.0,2.12194405632,0.0,0.0,12.688158299100001,3.5954507224800003,0.0,14.8101023554,81.87685741140001,81.87685741140001,-3.4629777550099997e-06,1263.75,1762.50500488
205,2022-03-29 17:05:00,38.2629404559,13.9567582551,26.558048362199997,0.0,3.01739311593,0.0,0.0,12.7110723144,8.786585675560001,0.0,15.7284654303,78.7777470732,78.7777470732,0.0,1301.74,1772.47467041
206,2022-03-29 17:10:00,39.745964456799996,13.4013733321,25.3394548715,0.0,0.8475535459610001,0.0,0.0,12.570648131099999,10.4748666024,0.0,13.4182016771,78.4867926604,78.4867926604,-3.4934437406e-06,1304.42,1747.1343689
207,2022-03-29 17:15:00,39.8469547975,12.786002829500001,23.9748533763,0.0,1.7472434118,0.0,0.0,12.8697446905,6.182560820959999,0.0,14.6169881023,76.6078110034,76.6078110034,0.0,1315.01,1729.70401001
208,2022-03-29 17:20:00,38.0252072667,11.8858476722,22.038669885700003,0.0,4.91307719038,0.0,0.0,14.963613083699999,10.1417842004,0.0,19.876690274,71.9497248246,71.9497248246,0.0,1367.85,1754.52365112
209,2022-03-29 17:25:00,38.6414454846,11.1602633176,20.533861616,0.0,4.44119986757,0.0,0.0,16.126546650399998,12.262377291500002,0.0,20.567746517899998,70.33557041819999,70.33557041819999,0.0,1387.99,1746.64331055
210,2022-03-29 17:30:00,40.3395130644,10.3734451889,18.961760089400002,0.0,5.65538098899,0.0,0.0,15.9222361074,14.4676525403,0.0,21.577617096399997,69.67471834279999,69.67471834279999,0.0,1413.05,1743.68304443
211,2022-03-29 17:35:00,41.9805961108,9.58894705508,17.5109828628,0.0,3.7753331991900003,0.0,0.0,16.1466411116,12.9895534162,0.0,19.9219743108,69.08052602869999,69.08052602869999,0.0,1425.35,1727.92697144
212,2022-03-29 17:40:00,42.9830952939,8.80790365476,16.1455300046,0.0,1.78471151756,0.0,0.0,16.9431014222,11.0769271029,0.0,18.7278129398,67.9365289533,67.9365289533,0.0,1425.77,1700.29101562
213,2022-03-29 17:45:00,44.0738669277,7.791380467480001,14.405870325699999,0.0,3.3405277228400005,0.0,0.0,19.4512841895,10.5911334179,0.0,22.791811912300002,66.27111772090001,66.27111772090001,0.0,1464.4,1710.86502075
214,2022-03-29 17:50:00,45.489992477,6.84780665844,12.7591073663,0.0,3.7172761141199993,0.0,0.0,23.2468369498,6.56330881773,0.0,26.964113063899998,65.0969065018,65.0969065018,0.0,1493.38,1711.78900146
215,2022-03-29 17:55:00,43.9714638031,5.8596827004400005,10.9773462826,0.0,6.12910473751,0.0,0.0,23.4424406686,4.603665760219999,0.0,29.5715454061,60.8084927862,60.8084927862,0.0,1543.7,1734.052948
216,2022-03-29 18:00:00,46.247613907399995,5.12422834189,9.59334235518,0.0,5.89513306467,0.0,0.0,25.955059382199998,12.554920266400002,0.0,31.8501924469,60.965184604499996,60.965184604499996,0.0,1529.47,1691.76696777
217,2022-03-29 18:05:00,49.3484408125,4.33301733607,8.71089963828,0.0,1.3632514209,0.0,0.0,26.994633718000003,6.82616881245,0.0,28.3578851389,62.39235778689999,62.39235778689999,0.0,1506.38,1650.12033081
218,2022-03-29 18:10:00,48.911164290100004,3.47534279372,7.589954080519999,0.0,1.9390812013299998,0.0,0.0,29.074409181799997,7.12105726954,0.0,31.0134903831,59.976461164300005,59.976461164300005,0.0,1524.15,1649.33369446
219,2022-03-29 18:15:00,47.9107615255,2.61460811457,6.31027194735,0.0,1.52283579375,0.0,0.0,30.961394736,8.94873037183,0.0,32.4842305298,56.8356415874,56.8356415874,0.0,1583.11,1689.73698425
220,2022-03-29 18:20:00,49.3805827075,1.94478203339,5.30435432273,0.0,2.73027875662,0.0,0.0,33.021742428,10.2382625941,0.0,35.752021184600004,56.6297190636,56.6297190636,0.0,1572.27,1660.34035492
221,2022-03-29 18:25:00,49.18487433600001,1.1696763896,4.19765040268,0.0,3.8605912410300003,0.0,0.0,33.7699499362,12.139996041500002,0.0,37.6305411772,54.5522011283,54.5522011283,0.0,1586.5,1656.01366425
222,2022-03-29 18:30:00,49.9503635332,0.491540226825,3.0960958252,0.0,2.19837677098,0.0,0.0,33.4876888787,9.55495820919,0.0,35.6860656497,53.537999585200005,53.537999585200005,0.0,1594.89,1645.84701538
223,2022-03-29 18:35:00,48.646876808900004,0.248660848977,2.58395534562,0.0,4.1544879509,0.0,0.0,33.2655175368,12.908688383900001,0.0,37.4200054877,51.479493003500004,51.479493003500004,0.0,1617.98,1660.89681244
224,2022-03-29 18:40:00,47.051730596400006,0.100728364563,2.11630689697,0.0,3.11784121991,0.0,0.0,33.8800320232,13.089832411500002,0.0,36.997873243200004,49.2687658579,49.2687658579,0.0,1613.12,1647.99666214
225,2022-03-29 18:45:00,47.9125194496,0.060275180521200004,1.65058659254,0.0,3.0895286518900003,0.0,0.0,33.1412016209,13.5760613061,0.0,36.2307302727,49.623381222700004,49.623381222700004,0.0,1599.04,1625.87653923
226,2022-03-29 18:50:00,48.488113947600006,0.00557501194117,1.16433087229,0.0,3.33769256902,0.0,0.0,33.7120114813,13.8446124371,0.0,37.0497040503,49.658019831800004,49.658019831800004,-3.78079679338e-06,1595.55,1614.34638214
227,2022-03-29 18:55:00,46.9692457511,0.0,0.669754622648,0.0,2.5198559166099996,0.0,0.0,33.6371334006,16.5063688031,0.0,36.1569893172,47.6390003737,47.6390003737,0.0,1595.23,1605.98614693
228,2022-03-29 19:00:00,45.6086227769,0.0,0.17094491254500002,0.0,1.21360315204,0.0,0.0,33.9776701415,17.410448998099998,0.0,35.1912732935,45.7795676895,45.7795676895,0.0,1586.1,1588.81597567
229,2022-03-29 19:05:00,45.7140841013,0.0,0.142192998971,0.0,1.4249823393599999,0.0,0.0,34.5546545358,17.8679432631,0.0,35.9796368751,45.8562771003,45.8562771003,0.0,1589.47,1591.73330402
230,2022-03-29 19:10:00,45.1919485768,0.0,0.11317015589700001,0.0,1.31369924337,0.0,0.0,33.726846791999996,19.358722403199998,0.0,35.0405460354,45.3051187327,45.3051187327,0.0,1598.14,1599.95068133
231,2022-03-29 19:15:00,46.8272481085,0.0,0.08643416521639999,0.0,0.164334377557,0.0,0.0,34.639722535,17.9895088382,0.0,34.8040569125,46.9136822737,46.9136822737,0.0,1569.78,1571.13802934
232,2022-03-29 19:20:00,46.4029097088,0.0,0.057108181217900005,0.0,0.270102362478,0.0,0.0,34.4582911145,19.3597996772,0.0,34.728393477,46.46001789,46.46001789,0.0,1584.39,1585.29534799
233,2022-03-29 19:25:00,45.246581675,0.0,0.029037334233300002,0.0,-0.00115978299485,0.0,0.0,34.8926262452,17.925315215999998,0.0,34.8914664622,45.2756190093,45.2756190093,0.0,1558.46,1558.91262761
234,2022-03-29 19:30:00,45.6924209484,0.0,0.0,0.0,1.0315907695,0.0,0.0,35.869202083699996,18.5018566822,0.0,36.9007928532,45.6924209484,45.6924209484,0.0,1549.25,1549.25
235,2022-03-29 19:35:00,45.3214453413,0.0,0.0,0.0,0.0183989666613,0.0,0.0,35.519030257,18.1692396931,0.0,35.5374292236,45.3214453413,45.3214453413,0.0,1532.26,1532.26000977
236,2022-03-29 19:40:00,46.5977580036,0.0,0.0,0.0,2.6501211548,0.0,0.0,34.2476697556,20.0911823164,0.0,36.8977909104,46.5977580036,46.5977580036,0.0,1533.21,1533.20996094
237,2022-03-29 19:45:00,51.6846019747,0.0,0.0,0.0,0.0120780776337,0.0,0.0,34.322490292800005,15.6712256631,0.0,34.3345683704,51.6846019747,51.6846019747,0.0,1506.2,1506.19995117
238,2022-03-29 19:50:00,50.572571206800006,0.0,0.0,0.0,-0.00120002146391,0.0,0.0,34.1126215779,14.9272547994,0.0,34.111421556399996,50.572571206800006,50.572571206800006,0.0,1506.64,1506.64001465
239,2022-03-29 19:55:00,48.8863304212,0.0,0.0,0.0,0.005488997959500001,0.0,0.0,34.735059546500004,17.5960169696,0.0,34.7405485445,48.8863304212,48.8863304212,0.0,1492.44,1492.43994141
240,2022-03-29 20:00:00,47.158610649799996,0.0,0.0,0.0,0.511986632153,0.0,0.0,32.4815006715,22.7363607742,0.0,32.9934873037,47.158610649799996,47.158610649799996,0.0,1510.18,1510.18005371
241,2022-03-29 20:05:00,46.599345796899996,0.0,0.0,0.0,1.62190273468,0.0,0.0,30.694276558000002,19.7906057208,0.0,32.3161792927,46.599345796899996,46.599345796899996,4.0936817787900006e-06,1490.96,1490.95996094
242,2022-03-29 20:10:00,48.246921272600005,0.0,0.0,0.0,0.94563960338,0.0,0.0,32.8171961313,16.406250129500002,0.0,33.7628357347,48.246921272600005,48.246921272600005,0.0,1473.28,1473.2800293
243,2022-03-29 20:15:00,49.5760305091,0.0,0.0,0.0,0.294558176939,0.0,0.0,35.477878724899995,15.8100153433,0.0,35.7724369018,49.5760305091,49.5760305091,0.0,1470.65,1470.65002441
244,2022-03-29 20:20:00,48.2163592014,0.0,0.0,0.0,2.2677779013799997,0.0,0.0,35.4444913078,15.1724509247,0.0,37.7122692092,48.2163592014,48.2163592014,0.0,1472.01,1472.01000977
245,2022-03-29 20:25:00,48.343502568299996,0.0,0.0,0.0,2.06446888339,0.0,0.0,37.1859027123,16.1590709876,0.0,39.2503715956,48.343502568299996,48.343502568299996,0.0,1452.93,1452.93005371
246,2022-03-29 20:30:00,48.5055627132,0.0,0.0,0.0,3.62072454176,0.0,0.0,35.7970621344,15.840117162,0.0,39.4177866761,48.5055627132,48.5055627132,0.0,1470.57,1470.56994629
247,2022-03-29 20:35:00,48.588410366000005,0.0,0.0,0.0,2.02559669571,0.0,0.0,37.046305951,16.477030298699997,0.0,39.0719026467,48.588410366000005,48.588410366000005,0.0,1453.66,1453.66003418
248,2022-03-29 20:40:00,49.640279689799996,0.0,0.0,0.0,1.6363243766600002,0.0,0.0,34.6410277364,19.2697200378,0.0,36.2773521131,49.640279689799996,49.640279689799996,0.0,1456.43,1456.43005371
249,2022-03-29 20:45:00,49.9377896855,0.0,0.0,0.0,1.8274351189400002,0.0,0.0,32.930963622600004,18.606470362899998,0.0,34.7583987416,49.9377896855,49.9377896855,0.0,1444.39,1444.39001465
250,2022-03-29 20:50:00,49.4553844687,0.0,0.0,0.0,2.06061667474,0.0,0.0,31.8067481456,19.3817140576,0.0,33.867364820300004,49.4553844687,49.4553844687,0.0,1425.88,1425.88000488
251,2022-03-29 20:55:00,49.187582230699995,0.0,0.0,0.0,1.09257184048,0.0,0.0,31.465027523099998,21.145927061800002,0.0,32.5575993636,49.187582230699995,49.187582230699995,0.0,1418.24,1418.23999023
252,2022-03-29 21:00:00,47.801757422799994,0.0,0.0,0.0,0.165952479348,0.0,0.0,31.5871740787,20.5055095455,0.0,31.753126558,47.801757422799994,47.801757422799994,0.0,1413.23,1413.22998047
253,2022-03-29 21:05:00,48.8465794307,0.0,0.0,0.0,0.392866994325,0.0,0.0,30.1478695421,21.7010022105,0.0,30.540736536399997,48.8465794307,48.8465794307,0.0,1424.22,1424.2199707
254,2022-03-29 21:10:00,46.9870535659,0.0,0.0,0.0,2.32441634387,0.0,0.0,31.055616113400003,19.9900162279,0.0,33.3800324573,46.9870535659,46.9870535659,0.0,1402.3,1402.30004883
255,2022-03-29 21:15:00,48.20937260149999,0.0,0.0,0.0,2.36641824671,0.0,0.0,34.4233659111,18.5226035142,0.0,36.7897841578,48.20937260149999,48.20937260149999,0.0,1378.1,1378.09997559
256,2022-03-29 21:20:00,46.818027092600005,0.0,0.0,0.0,3.22274221791,0.0,0.0,34.6742479936,21.3192625378,0.0,37.8969902116,46.818027092600005,46.818027092600005,0.0,1385.32,1385.31994629
257,2022-03-29 21:25:00,46.707322233,0.0,0.0,0.0,1.47805684208,0.0,0.0,32.466149383899996,19.5784118511,0.0,33.944206226,46.707322233,46.707322233,0.0,1413.7,1413.69995117
258,2022-03-29 21:30:00,45.898565259899996,0.0,0.0,0.0,0.328589416206,0.0,0.0,35.3153316522,20.7244948906,0.0,35.643921068400005,45.898565259899996,45.898565259899996,0.0,1398.49,1398.48999023
259,2022-03-29 21:35:00,45.2330174899,0.0,0.0,0.0,0.195683999261,0.0,0.0,32.7267015357,21.4752080904,0.0,32.922385535,45.2330174899,45.2330174899,0.0,1402.92,1402.92004395
260,2022-03-29 21:40:00,46.2793988292,0.0,0.0,0.0,0.21336186852400002,0.0,0.0,33.5895853003,20.6393702346,0.0,33.8029471689,46.2793988292,46.2793988292,0.0,1380.42,1380.42004395
261,2022-03-29 21:45:00,46.047960933599995,0.0,0.0,0.0,0.30194957949900003,0.0,0.0,31.9947955412,22.869072214899997,0.0,32.2967451207,46.047960933599995,46.047960933599995,0.0,1405.96,1405.95996094
262,2022-03-29 21:50:00,49.5005867963,0.0,0.0,0.0,0.32296027791799997,0.0,0.0,31.030555003000003,20.4922907654,0.0,31.3535152809,49.5005867963,49.5005867963,-4.43434084809e-06,1376.42,1376.42004395
263,2022-03-29 21:55:00,50.6360841062,0.0,0.0,0.0,-0.00393212406059,0.0,0.0,31.491232118299997,20.0997589845,0.0,31.4872999942,50.6360841062,50.6360841062,0.0,1391.36,1391.35998535
264,2022-03-29 22:00:00,53.2482373596,0.0,0.0,0.0,-0.0040470168025,0.0,0.0,31.4391399761,16.3626410534,0.0,31.435092959299997,53.2482373596,53.2482373596,0.0,1351.86,1351.85998535
265,2022-03-29 22:05:00,51.7356923947,0.0,0.0,0.0,-0.0041250715945999996,0.0,0.0,31.716352109000002,16.0735280609,0.0,31.712227037399998,51.7356923947,51.7356923947,0.0,1326.28,1326.2800293
266,2022-03-29 22:10:00,55.2136546058,0.0,0.0,0.0,0.94722178537,0.0,0.0,29.958869487199998,17.7887843487,0.0,30.9060912725,55.2136546058,55.2136546058,0.0,1324.43,1324.43005371
267,2022-03-29 22:15:00,55.4689139228,0.0,0.0,0.0,1.0605191789,0.0,0.0,31.1366577465,12.686898891199998,0.0,32.1971769254,55.4689139228,55.4689139228,0.0,1305.52,1305.52001953
268,2022-03-29 22:20:00,56.210260902799995,0.0,0.0,0.0,1.01214174801,0.0,0.0,29.4143521332,12.6469025257,0.0,30.4264938812,56.210260902799995,56.210260902799995,0.0,1358.04,1358.04003906
269,2022-03-29 22:25:00,56.1890816792,0.0,0.0,0.0,0.00345406167479,0.0,0.0,32.4602273701,12.1826412437,0.0,32.4636814317,56.1890816792,56.1890816792,0.0,1311.21,1311.20996094
270,2022-03-29 22:30:00,56.3078791276,0.0,0.0,0.0,0.209557720876,0.0,0.0,30.902683303000003,13.3308902157,0.0,31.112241023899998,56.3078791276,56.3078791276,0.0,1310.04,1310.04003906
271,2022-03-29 22:35:00,54.538528515500005,0.0,0.0,0.0,0.0034162827519699994,0.0,0.0,29.653029000500002,15.8043622245,0.0,29.6564452833,54.538528515500005,54.538528515500005,0.0,1325.71,1325.70996094
272,2022-03-29 22:40:00,52.77011703350001,0.0,0.0,0.0,0.591925797508,0.0,0.0,30.5282181889,15.7249956853,0.0,31.1201439864,52.77011703350001,52.77011703350001,0.0,1308.49,1308.48999023
273,2022-03-29 22:45:00,51.3770297408,0.0,0.0,0.0,0.315432656416,0.0,0.0,30.218274431399998,18.9177873428,0.0,30.533707087800003,51.3770297408,51.3770297408,0.0,1314.16,1314.16003418
274,2022-03-29 22:50:00,49.996801987,0.0,0.0,0.0,0.441395325176,0.0,0.0,30.483879529299998,18.7643095842,0.0,30.9252748544,49.996801987,49.996801987,0.0,1301.62,1301.61999512
275,2022-03-29 22:55:00,49.7871788371,0.0,0.0,0.0,0.00349295480124,0.0,0.0,31.2980937652,19.7977815308,0.0,31.30158672,49.7871788371,49.7871788371,0.0,1296.61,1296.60998535
276,2022-03-29 23:00:00,48.3710093662,0.0,0.0,0.0,0.00347972397141,0.0,0.0,31.514182886599997,19.6198344228,0.0,31.5176626105,48.3710093662,48.3710093662,0.0,1301.54,1301.54003906
277,2022-03-29 23:05:00,50.448438475799996,0.0,0.0,0.0,-0.00430089761751,0.0,0.0,32.1160345412,18.2381325813,0.0,32.111733643600004,50.448438475799996,50.448438475799996,-4.79813479227e-06,1272.06,1272.06005859
278,2022-03-29 23:10:00,49.228713874899995,0.0,0.0,0.0,1.3766008827,0.0,0.0,32.4691547229,16.0954387363,0.0,33.8457556056,49.228713874899995,49.228713874899995,0.0,1296.33,1296.32995605
279,2022-03-29 23:15:00,52.2014737795,0.0,0.0,0.0,2.16269559442,0.0,0.0,36.6614850941,12.5298766683,0.0,38.8241806885,52.2014737795,52.2014737795,0.0,1255.16,1255.16003418
280,2022-03-29 23:20:00,51.8796888796,0.0,0.0,0.0,1.00771875579,0.0,0.0,37.8650718331,12.1386378523,0.0,38.872790588899996,51.8796888796,51.8796888796,0.0,1274.69,1274.68994141
281,2022-03-29 23:25:00,51.57671316810001,0.0,0.0,0.0,0.776950066882,0.0,0.0,36.8959357654,11.9787302754,0.0,37.672885832199995,51.57671316810001,51.57671316810001,0.0,1288.2,1288.19995117
282,2022-03-29 23:30:00,50.9560478876,0.0,0.0,0.0,-0.006988987955270001,0.0,0.0,36.9599189542,13.4446000303,0.0,36.952929966300005,50.9560478876,50.9560478876,0.0,1306.77,1306.77001953
283,2022-03-29 23:35:00,49.028022524300006,0.0,0.0,0.0,0.26108842268000004,0.0,0.0,35.2983640088,16.4164335746,0.0,35.5594524314,49.028022524300006,49.028022524300006,0.0,1354.07,1354.06994629
284,2022-03-29 23:40:00,46.8201329554,0.0,0.0,0.0,0.26547578154,0.0,0.0,33.9744036731,20.5878343698,0.0,34.2398794546,46.8201329554,46.8201329554,0.0,1396.99,1396.98999023
285,2022-03-29 23:45:00,45.176436870100005,0.0,0.0,0.0,0.7550063909999999,0.0,0.0,33.3962119986,21.0695241568,0.0,34.151218389600004,45.176436870100005,45.176436870100005,0.0,1405.11,1405.10998535
286,2022-03-29 23:50:00,44.908833898100006,0.0,0.0,0.0,0.423657714517,0.0,0.0,33.9134966034,20.7788542986,0.0,34.3371543179,44.908833898100006,44.908833898100006,0.0,1379.72,1379.7199707
287,2022-03-29 23:55:00,44.5687629371,0.0,0.0,0.0,1.00188913154,0.0,0.0,34.6713100731,22.6853947931,0.0,35.6731992047,44.5687629371,44.5687629371,0.0,1396.89,1396.89001465
288,2022-03-30 00:00:00,43.864094278,0.0,0.0,0.0,0.307573155498,0.0,0.0,33.673479333,22.107968297800003,0.0,33.9810524885,43.864094278,43.864094278,0.0,1396.51,1396.51000977
